,0,1,labels
0,0.7089069452170114,-1.8619129749544672,0
1,0.6290987073891738,-2.3229154801216847,1
2,0.1856095267016986,-1.6996331959804127,0
3,-0.18733437874316405,-1.0262934764321112,0
4,2.178193986069716,-0.6915154790560994,0
5,0.492711781373387,-1.8060031641560175,0
6,-0.24366310612102238,-0.9314734261594511,0
7,1.358765004666757,0.38779873200537285,0
8,-1.2454372132669869,-0.39171649947338316,1
9,2.1189490614649156,-1.1621423436144853,0
10,0.6158523635528977,-1.1439695624840598,0
11,0.3332636959456242,-0.9401816456029456,0
12,-0.12248958315275593,-1.403044194012383,1
13,2.71389705890653,-0.42821405009819624,0
14,-0.10208650322768809,-1.8906002916237112,0
15,1.0528732906664915,-1.3885359622173534,1
16,-2.5550823169300365,0.7167059963471796,1
17,1.4047906693328065,-0.6800177689110638,0
18,-1.8175971462933274,-0.4253646629927553,1
19,0.9499287815917348,-2.3549377268214666,0
20,-1.3233743374785019,-0.7369422146841367,1
21,1.1766642700316194,-1.9191855108292963,0
22,-0.7200669782144018,-1.550301842086739,1
23,0.561688967872032,-1.1434942818820966,0
24,1.7267180358114795,-0.48998807871833394,0
25,1.3314835553216573,-1.5451832387642526,0
26,-1.8989768848802462,-0.2405701414686371,1
27,0.6208947498627202,-1.2295873402325461,0
28,0.5965850379760154,-0.7106996738795472,0
29,1.4430925597096067,-0.6627907379274268,0
30,1.3689715783842413,-1.7724064299162525,0
31,1.5872260618487546,-0.43323582547400186,0
32,-0.9688322975131359,-1.457390129072128,1
33,-1.3967899449919439,-1.0044444077344339,1
34,-1.7582540402964684,-0.5414043880998738,1
35,0.3237795123921753,-1.9499232418537682,0
36,-0.6238945722676061,-1.443373616876059,0
37,-1.3807826308267233,-0.9946112416372627,1
38,-0.9613696258811452,-1.7034501882150002,1
39,0.8937204134252283,-1.5829549754688048,0
40,0.45392106093454154,-2.0620467456508225,0
41,-1.960727210866839,0.06376470931889755,1
42,-0.5352881461060862,-3.0728452772379313,1
43,-0.4673528597410097,-1.0861475820885418,0
44,-0.8223277021461927,-2.2484173778274554,1
45,-0.4531340008982033,-1.5377606731772278,1
46,1.921175547262986,-1.2316482959169572,0
47,-0.271455244757412,-2.9176582611436896,0
48,-1.253247531496117,-1.2271338432551961,1
49,1.606522174899874,-0.5802115768318549,0
50,-1.4309357559407567,-0.15192497612599798,1
51,-0.5057106128696094,-1.4541093379924326,0
52,-0.4019640300531119,-1.3456162974201478,1
53,0.9096396585237787,-2.9918768829977846,0
54,-0.41858455020472585,-1.081949575614563,1
55,0.5685385265451681,-1.7570525814209772,0
56,-0.4482932239971922,-0.47467805916057637,0
57,1.8942066871468715,-0.7458670859521102,0
58,-1.5462070287886136,-0.3707386441238699,1
59,-0.8249891380763519,-1.3897363857047758,1
60,-1.0386037889865753,-0.8586540232922786,1
61,-1.1736039929130597,-0.6062124246414762,1
62,-0.004069078628180844,-1.6190952096869125,1
63,-1.0957115521609535,-0.10287789724362995,1
64,-2.034916368862768,0.2811619334416915,1
65,1.3594715497990981,-0.17281771147098046,0
66,0.06475362514490512,-0.9486971705239532,0
67,-0.29391565701583267,-1.5330612203712404,1
68,1.2097689902085562,-0.9720766756965104,0
69,-0.9193605451806279,-1.0835526911301232,1
70,1.4944189120177707,-1.7656901782092005,0
71,-1.3860899441604113,0.1189807964611358,1
72,-1.6871060006018341,-0.562270093040335,1
73,1.158682772582297,-2.4936993965987924,1
74,-0.14087142062221636,-1.1882961714397426,1
75,-1.020431452553446,-0.4633104222256078,1
76,-0.9512179038511381,-0.4915376844216046,1
77,-1.6294447331022754,-0.22954948048456392,1
78,-0.8952753697183511,-1.3911611508332729,1
79,1.953703393813317,-0.003928060271537248,0
80,-0.2374585214686693,-1.2753961631458657,0
81,-1.9293878588887066,0.0019726724094111248,1
82,2.136022134083899,-0.10177228096019053,0
83,-2.230482764703018,0.025635051324668146,1
84,-0.32294993017069884,-1.655218253737655,1
85,-1.2822774317781263,-1.0977723231827494,1
86,-1.6227148150765265,0.2645068610686485,1
87,-1.1565356311404,-1.002446062467836,1
88,-0.27145058862922744,-2.748096213113657,1
89,1.3213064651066904,-1.695180753709585,0
90,1.0099059924557607,-1.204175691715364,0
91,1.0609949769135372,-0.9413330872838264,0
92,1.7232363331659593,-1.0678879414317395,0
93,0.744139960661762,-0.740766746853982,0
94,-0.05407449656669172,-1.21438333697019,1
95,-1.0179274304580173,-1.548403121970878,1
96,-1.1180921567028292,-1.407937396385886,1
97,0.1782843245090514,-2.3774663513905523,0
98,1.7897466983789108,-0.23187487518421757,0
99,0.2917614596243069,-1.9082955446220131,0
100,-1.0073598729674658,-0.9276946824436582,1
101,1.5292146458534979,-0.7300305365109514,0
102,0.1391391029909319,-2.0431819395587434,1
103,2.207336175267902,-0.41015969184990764,1
104,0.5646334093429461,-0.8474942883837351,0
105,-1.9242706613739569,-0.10690487819547845,1
106,0.09100202422700954,-1.8444585112309593,1
107,-1.5565500572310835,-0.34081810742892493,1
108,1.9722226757317318,-0.7076242631879022,0
109,-0.9960620855936206,-0.4038163731472575,1
110,-0.46556882070460026,-1.327296699075243,1
111,-0.3629017265805806,-0.9357339859175311,1
112,-1.7882583222874486,-0.850575233796413,1
113,-0.48708370746642027,-0.5647012754924339,0
114,0.1969266643660944,-2.0120386797932404,0
115,-0.1562639149129641,-0.5040573867368986,0
116,0.9624094841058896,-1.4573979135385,0
117,2.34950455625268,-0.7776905736843527,0
118,-1.3566340117305593,-0.9323420987064489,1
119,1.6742588314114195,-1.3079378274791555,0
120,1.2712662611990275,-0.21829101952948726,0
121,1.4428560566615276,-0.45827077887993783,0
122,-0.7531010240950836,-1.1539818303043015,1
123,0.6479263323940911,-0.933668221353793,0
124,1.0078914084303068,-2.2798127446106813,0
125,0.9991247812869543,-0.8874822796715214,0
126,-0.26677533224770955,-2.2289069468267826,1
127,-0.9527030974195172,-1.1890469374632557,1
128,-0.27314312501134286,-1.6322383131261744,1
129,1.2413227120039378,-0.8905890696700519,0
130,-1.508560662528717,-0.3148301962768617,1
131,-1.3835298613506541,0.005529104945076302,0
132,-1.1638614208605804,-0.5748626764041946,1
133,0.9488992594237254,-0.528916223824365,0
134,0.9127054489216666,-0.7262045113212491,0
135,-0.8524330944461491,-2.350093963698374,0
136,-1.6418865924904216,0.4163435471337431,1
137,2.440938724137764,-1.0841078120408685,0
138,-0.8489936797843722,-0.7433470843963601,1
139,0.9546091287131697,-1.2751165687203843,0
140,-2.0150978781664834,0.48703507901824383,1
141,-0.9065131441625058,-1.5645276801573034,1
142,1.139542152678497,-0.5483272319105705,0
143,2.206119774280654,-0.9758268999775852,0
144,-1.321083746658922,-0.20135378279468508,1
145,-2.8263293402336123,0.4896351605574447,1
146,1.152364658677383,-0.85258359278353,0
147,1.3856996909215042,-0.6997931549965231,0
148,0.45899995224606505,-1.803213077979882,0
149,0.3859198022051913,-1.6435781553476403,1
150,-1.692882684805029,-0.6883565356917798,1
151,-0.6876227386114548,-1.0144213333848258,1
152,0.8661666090944269,-0.6620942529136277,0
153,1.0344678707241988,-2.816768163666313,1
154,0.3310686683058429,-0.2686857222888631,0
155,-1.2012044463496925,-0.3242657197513462,1
156,-0.6238608339668592,-1.2104307400341876,1
157,-0.7153863688183326,-1.1786381765703302,1
158,2.536249549579506,-0.3510802298803184,0
159,1.5662497262765203,-0.864543918138655,0
160,1.534537124641284,-0.05811161617524052,0
161,-0.5620049977605648,-1.8442651384968793,0
162,1.2588293744675643,-0.79951431674128,0
163,2.2419984295739472,-1.5336635567822414,0
164,1.0165765123946537,-1.3682348557019886,0
165,1.5081269191704916,0.47724369743510753,0
166,-0.6503771891465688,-0.9676784167914714,1
167,-1.0810487781179088,-0.7402452204091339,1
168,1.4816369072192375,-0.6279767784877255,0
169,3.15127662108438,1.0948338333502199,0
170,0.15919657728278658,-0.6506892008605432,0
171,-1.6419937474352877,-0.15541390525425192,1
172,-1.2084245245977507,0.05871330915085338,1
173,-0.8985061060626678,-0.20462179202321396,1
174,-1.6303599225236143,-0.45049292109879113,1
175,-2.109195691570772,-0.16155641714808,1
176,-0.2294172540262187,-1.7160661361113259,1
177,-1.1179678991975879,-1.1928683559641025,1
178,-1.2140396321051543,-0.6894019287123727,1
179,-1.545352387787288,-0.23524050512843164,1
180,2.20403188429388,-0.6171123834611978,0
181,-1.4135408460943004,-0.7776596525858366,1
182,1.8312083713750213,-1.9217152586353843,0
183,-1.0988439457759394,-0.36887103589929615,1
184,-2.0800503835108595,-0.02123224361660281,1
185,-0.4288296940715125,-1.4422618041773674,1
186,-0.5966644815946073,-1.896906749373769,1
187,0.4511724675523866,-1.4934970612833538,0
188,1.893613485154109,-1.3040736785457008,0
189,-0.7255234787752588,-1.46823257406001,1
190,1.388054409596899,-1.6630064374528488,0
191,0.014613405761244813,-1.7689250291615084,1
192,0.7400676957968226,-1.2161445776888256,0
193,0.6246514639818007,-1.612961524867814,0
194,-0.38729129796953476,-1.2029022790390842,1
195,-0.9001360272216142,-0.9344866794846819,1
196,1.2856507003925346,-0.12460007475428259,0
197,0.9920157418437866,0.24029781509030013,0
198,2.332485397172051,-0.797587929187644,0
199,2.2586824891491553,-0.5941400659886649,0
200,0.3481732494275358,-2.254081494997744,1
201,-1.1760265369738063,-0.1096825444942301,1
202,2.6754252147338673,-1.4962598776445122,0
203,-1.5373252972289797,-0.9873878134010694,1
204,1.5674055967699063,-0.17075455755922353,0
205,1.5675079541340646,-1.3234545499082049,0
206,-1.1119468105490768,-1.2604251866590854,1
207,0.46603788102603416,-2.6286298915332416,1
208,0.911315568399491,-1.683734329982762,0
209,0.8062085208326373,-1.8040018392487676,0
210,1.3655613342104367,-1.687096256624336,0
211,1.0425478615122947,-1.3283939198252306,0
212,-1.4231996353243992,-0.9731672285905052,1
213,0.7291582245619805,-0.511360301085281,0
214,0.7852398806619961,-0.9522533131104266,0
215,-1.3162625059268276,-0.5101972769895242,1
216,-0.49467295545236944,-1.1618881257197173,0
217,-1.6543545249185603,0.3955150751902772,0
218,1.6137860136325133,-1.029868940284052,0
219,1.183589395924569,-1.413692492449572,0
220,-2.2587332806028644,0.21020717344104844,1
221,-0.45954625811958594,-1.6356108211107219,0
222,-0.20542750233430518,-1.0244747424993288,1
223,-1.5629424672276353,0.057414742077956715,1
224,-1.7528318555113793,-0.13085599445093843,1
225,0.4323293579032279,-1.4573013612343515,0
226,-0.8953717992914797,-0.7713236273373753,1
227,-0.07302454990767071,-2.9113628699593885,1
228,-0.2057587918428485,-1.83496424742904,0
229,1.6995307672635813,-1.5516403655937172,0
230,-1.613367798131147,-0.4836003036819134,1
231,1.3245571131672074,-0.0797162936661785,0
232,-2.333077257222521,0.007402991363003597,1
233,-1.2077053985418646,-0.30996782809020895,1
234,-1.179065389515427,-1.523163748071335,1
235,2.1446015740276136,-0.5060594403977976,1
236,1.8156221967276953,0.034444404843916976,0
237,1.57491226060719,-0.8966752840998922,0
238,0.30563045059618377,-1.4870173682012089,0
239,-1.2354758067227778,-0.8570643188937075,1
240,1.8430258590739546,-0.7701356691761432,0
241,-0.7101570473214323,-1.159897686632077,1
242,1.2023541467753471,-1.4128372339153117,0
243,-1.0150587975215468,-1.8454983293572083,1
244,-2.796745265567914,1.2930311484625414,1
245,-0.6751447702910122,-1.4939234861877588,1
246,-1.6554559544067438,0.2663003170573026,1
247,0.9801653435326483,-1.9637129853731412,0
248,-1.1819751558226408,0.4390506739986817,1
249,1.6685427630054064,-0.1103592447817866,0
250,-3.484959651335108,1.191842304727964,1
251,0.3574576185904037,-2.3950583688690004,1
252,2.4164319652922552,-0.5868082530946332,0
253,-0.1380184288980969,-2.832849317129878,1
254,1.5469544795443118,0.20033824109339515,0
255,2.388113076370514,0.10363244607621103,0
256,1.0115725767574504,0.27026615232735773,0
257,0.4586841263639976,-1.8016969215268248,0
258,-1.9284953216470266,0.39891483994583643,1
259,-0.34603983932083193,-0.795747231016644,1
260,0.9395902991894933,-1.0291414123901763,0
261,0.4990393219233842,-2.8197677204150855,1
262,1.6445339248905677,-0.5477386200033192,0
263,-2.430610061982115,0.7795993167229662,1
264,-1.9053974393077082,-0.540037332425138,1
265,-0.026790072582777102,-2.501908294868666,1
266,-0.0940387613185556,-1.330425559061454,0
267,1.1620707448005563,-1.7361275063938737,0
268,0.22086293102028765,-0.325870718405986,0
269,1.2855124247512124,-1.0279129648896506,0
270,-2.100892089955526,0.47268914180688326,1
271,0.20813629504759135,-1.90549435997603,1
272,2.79816523033959,-1.2651801728799712,0
273,-1.6423908152182127,-1.3363651795322975,1
274,-1.8217005701009088,-0.7107153290714278,1
275,2.1383970183827707,-1.0391518569584082,0
276,-0.1705977984612429,-2.051027729813582,1
277,0.6431931452455306,-1.6733729115520166,0
278,-0.04938133316208504,-2.3930052182944475,1
279,-1.310834461865508,-0.4005875625963887,1
280,-0.6578811179710917,-1.702953999432999,1
281,-1.7526144819814269,0.031653169752146715,1
282,-0.7319268139415436,-1.0390951163045763,1
283,0.23244597236475673,-1.3822718224504729,0
284,-0.4917800977127511,-2.258687366083999,1
285,-1.3500434651275819,-0.463562391962246,1
286,1.8132243582572007,-1.3574217299839297,0
287,1.36678594968165,-1.076009246398391,0
288,-1.241847978439585,-0.6152031321135086,1
289,0.5865057584832747,-1.725715510535244,0
290,1.7283338578212462,0.43456796575261514,0
291,-2.104625770896681,-0.15853728265941014,1
292,0.06845666272151862,-2.453305663070755,1
293,0.6776193688790351,-1.0428465586812676,0
294,-1.5364036501501397,-1.014958822099685,1
295,1.4943616344975772,-1.1834517926648886,1
296,1.2086613341810177,-0.8841592912611081,0
297,-0.6913907372685537,-1.5054746269020542,1
298,0.3330277788259013,-1.019031766490802,0
299,0.46190926391746623,-3.94309191201846,1
300,2.0857915581584328,-0.9619410275065214,0
301,-0.20338586603481357,-1.9619514010192438,1
302,1.3916337214566057,-1.221680126720574,0
303,0.49244681316485006,-2.041966544721147,0
304,-0.7581102646927506,-1.706322995609801,1
305,-1.1760263274196414,-0.01773562714287913,1
306,-1.5562690773155539,-0.5806812827882214,1
307,-1.2403776333811138,-0.8325917948846037,1
308,-1.3775331884305724,-0.28742113873594854,1
309,1.5165920656585894,-1.8861620944908535,0
310,0.7095595395309815,-1.2523969911689359,0
311,-1.0615239961788419,-1.3479757512105737,0
312,-0.49187186835897956,-1.8838073145066025,1
313,0.10917382113481156,-1.5238459233449602,0
314,0.8418593904261804,-1.2283173441331927,0
315,0.40071083553921305,-1.4154672146735596,0
316,1.261859101839557,0.6149298701633938,0
317,0.23123549748306138,-1.4870485519888559,0
318,0.5902360224525867,-0.44420116586078895,0
319,-0.8124521260747984,-1.285888304276572,1
320,0.02442031716063653,-1.8181634767417565,1
321,-0.7131793823528556,-1.19738060043398,1
322,0.1310159627330021,-1.5153894120375841,1
323,-1.8698558858932994,-0.7749170466294293,1
324,0.04695015161263183,-1.7156610004474615,1
325,-0.26658921018329795,-2.02156718975883,1
326,-1.018890046599349,0.22507940945598737,1
327,1.1017174390619717,-1.4200591063027088,0
328,-1.6719274429437005,-0.8871731623731671,1
329,0.5157644135568513,-1.0485075693438746,0
330,-0.6935506191998774,-0.999085830912669,1
331,0.27491457740325276,-0.9144552362717371,0
332,-1.637596685481736,-0.41480378887614466,1
333,-2.450354516499102,1.1897319361687582,1
334,0.6558078279672859,-2.508757081675564,0
335,1.2228537584009997,0.28415402678411317,0
336,1.6613512807921906,-0.09104898241637749,0
337,1.3382306808281315,-1.140732270138413,0
338,0.4584336099201104,-1.147014628119538,0
339,2.2537308300425867,-1.486477352958491,0
340,0.10911341539500119,0.15019187970785564,0
341,1.742787967558991,-0.5349013692922364,0
342,1.2079259959127857,-0.7359216747416414,0
343,0.04690133429414545,-2.0435528137736174,0
344,-1.759977524181012,-0.0386972325907321,1
345,-2.5343753836807315,0.4162128018133284,1
346,-0.6897701282110413,-1.5367099411591418,0
347,0.5183229053992475,-0.6093230754462344,0
348,-1.2955347642225779,-1.2144228735836418,1
349,0.41480446994294695,-0.7838244569709881,0
350,-0.6885574550269524,-1.6871701477434948,1
351,-0.24619629206890148,-1.6349101454294992,1
352,-1.0401532202586026,-0.9069980251837814,1
353,0.9659970175917798,-0.635149327777125,0
354,-0.9413875837454795,-2.45700824895666,0
355,-1.4147368834591116,-0.6472503726379579,1
356,0.764342445997477,-1.2288575315780814,0
357,-0.04267070516308924,-1.7385256953989723,0
358,-1.4131279897954832,-1.1141219234407786,1
359,-1.6630477545993663,-0.5269000631998997,1
360,0.22235821599127925,-0.7082592429863639,0
361,1.6129219965320667,-1.2194804399172103,0
362,2.650615028335209,-1.455154180402325,0
363,2.432914856944201,-0.7222086455325021,0
364,1.4138795417773142,-0.5872900293999468,0
365,2.251484062943603,-1.2520464181564672,0
366,0.9433063732249878,-1.1269425285683161,0
367,0.29231622240626665,-0.832672104970822,0
368,0.05459520467235812,-1.9941922355995931,1
369,-0.47309801341264657,-1.4746965258023248,1
370,-0.4035264229059208,-0.5514584273435271,1
371,0.5603868904822746,-0.29275642240715627,0
372,3.1913681350781227,0.21664913145885767,0
373,-1.71688096691908,-1.0133259299966444,1
374,0.39210669995851943,-0.975397392271239,0
375,0.6617276232553282,-1.5339512933001729,0
376,2.872539684695681,0.06268323241340457,0
377,-0.721747167707995,-1.8289446563115204,1
378,0.2715262469118569,-1.048675951366507,0
379,1.3975408718737676,-4.398663702278601,1
380,2.355398807916714,-1.2582208782793574,0
381,0.9722796157430054,-3.3236160857340957,1
382,2.2240350526691195,0.6347976007963589,0
383,2.023474483557659,-0.23815388148393668,0
384,0.7476107999113502,-1.821376389795966,0
385,1.2725616227344423,-0.4669804759702988,0
386,-0.09044006124473136,-1.0686506867668966,0
387,0.08719536205571754,-1.0378557480468595,1
388,-2.2987576203496483,-0.14578553248774495,1
389,-0.8820074290728591,-1.528218706487738,1
390,-1.8415954601244713,-0.03264274023158775,1
391,-1.3804805274320238,-0.8269163074131278,1
392,1.313025897062013,-0.2603320136163796,0
393,0.6208812819869027,-2.0496793552599,0
394,-0.22220982322607574,-2.056815082865441,1
395,-0.37071295557176065,-0.8877740476067073,1
396,0.3193096847900906,-1.168906619241962,0
397,-0.3344685994705302,-1.355197317391694,1
398,1.6529361932282391,-2.1274768022990598,0
399,-1.9012377240448877,0.5067647377786584,1
400,-0.8482707119650026,-1.7725001175750954,1
401,-1.7888122822291885,0.9868633226147423,1
402,-2.515293798209766,0.6060040467123506,1
403,1.6333335533134117,-1.7968845645385125,0
404,-0.2745108562439298,-1.6069358493544215,0
405,-1.2716358370899825,-1.371477300900948,1
406,0.1803297867961381,-0.6514403698566928,0
407,-1.0096634865585996,-1.189156182900513,1
408,0.810178342022729,-2.014808764925797,0
409,-0.9014337710485171,-0.6071810252225247,1
410,0.20869789400669791,-1.8040529011570716,0
411,0.3092666278154843,-2.5918177289135325,1
412,0.881675445536833,-1.735663471388749,0
413,-2.3227517222214287,-0.04128924516284915,1
414,-0.8777989118879653,-1.4141250838234727,1
415,0.7384649862591162,-2.8560427588515434,1
416,-0.6368902644458508,-1.6760842160586247,1
417,0.9427165188205456,-0.8230046920702497,0
418,0.4056966560643579,-0.5340278810448333,0
419,-0.5426919674796304,-0.9648912401897877,1
420,1.0390651355320297,-0.8555823559918041,0
421,-0.1322011424023859,-2.451083312152081,1
422,1.3716116872153492,-0.6364968267896225,0
423,0.4581975208681581,-1.7133272352972604,1
424,-1.1182573161126035,-0.8237528037020946,0
425,-0.9033702576803919,0.3602064847800235,1
426,0.5518922219401323,-0.9147056825658509,0
427,-1.4495980146230436,-0.44013797705207014,1
428,-1.292420016039993,-1.0780356312551982,1
429,-1.4274700190397298,-0.04168642664270794,1
430,-1.7818573133192228,0.8950492057359847,1
431,1.651352695424019,-0.7769663256584439,0
432,1.8074770085239398,-1.252423524770619,0
433,-0.8759636765185628,-1.4491996142659032,0
434,1.5643791020974323,-1.1603962198845867,0
435,1.3979194802526635,-0.813845257957543,0
436,0.5405769596309344,-1.7812672326165357,0
437,1.683291889983705,-1.111022974445362,0
438,-0.5790230257154447,-1.49258247589739,1
439,-0.03217913968693509,-0.4142261739584975,0
440,-0.11806787605612623,-1.8377629257612744,0
441,0.858023736414208,-1.1277168074734358,0
442,-1.0482293969604024,-0.9146233456455368,1
443,-1.2758668311828976,0.06731028069277811,1
444,1.0738572147849588,-1.3408530538450052,0
445,-0.3285114926514845,-0.7451351931749995,0
446,3.4788546317641336,-0.40069160416010485,0
447,1.3014807465515976,-1.005766474217429,0
448,-0.4925504569691824,-1.6628107890735295,1
449,-0.24070276526487722,-1.3387572759988422,0
450,1.8708159156616353,0.5090588648745529,0
451,-1.0616877439285415,-0.7444137260599053,1
452,0.16030390271053108,-2.3270546715240505,1
453,-1.25037686139351,-0.12743169015113687,1
454,-0.771648485296603,-1.2918861950460985,1
455,0.3835814935755063,-1.7826670319975535,0
456,-1.2460681122650468,-1.8550495170314525,0
457,-0.8911901099160391,-2.922630463427112,0
458,1.3802175516810327,-0.508811227769532,0
459,1.353208264061586,-1.0621361084448133,0
460,1.6247779944630452,-0.7762676993719201,0
461,0.8541771415113361,-0.02537564296164685,0
462,2.019406758712708,-0.2729038961218093,0
463,-0.5982286199475398,-0.7960197607818003,1
464,-1.6254898224923986,-0.9771423730256376,1
465,-0.9127701837511916,-0.5979365032496278,1
466,0.9265931478824939,-1.102489668394784,0
467,-1.4333735483471624,-0.48692873031315276,1
468,1.0822061829682845,-0.08100201902739268,0
469,-1.1909379181575925,0.08597475594481452,1
470,-1.3636145330684895,-0.5286745939728114,1
471,-1.4836046048431721,-1.799739878319499,0
472,-0.18132171972123468,-1.847277128954595,1
473,-1.8506099053117382,-1.6411245009949265,1
474,-1.3780271548941636,-1.3680719747298236,1
475,1.9648905170236695,-0.9479475728587696,0
476,0.8724400699584527,-1.9153745679783687,1
477,-0.07898419255950095,-0.9007683681856411,0
478,-1.7863334795038108,0.4958791754676648,1
479,-1.0120887736690691,-0.4642526369436968,1
480,-2.036263571807069,0.008316104109019395,1
481,-0.7160001834112759,-0.5854329194346216,1
482,2.157861011287567,0.0934187972480034,0
483,1.3321193691969693,-0.9797217646095253,0
484,-0.6701425167770839,-1.3356937734859349,1
485,1.6525322559130444,-2.0350089111517615,0
486,0.14156851032435025,-1.1712706196249343,0
487,1.012865278697085,-0.84049394127906,0
488,-1.682973563490723,-0.12766988685961067,1
489,0.10411233736301495,-1.1515287569924646,0
490,-2.363347927284228,0.37314463186923996,1
491,-1.1375814829701705,-0.9552009121401044,1
492,-1.3569422200627068,-0.8270208162942262,1
493,-0.031152095618502518,-2.422121039001964,1
494,1.036336245377043,-1.2748800940201181,0
495,1.539560321066857,-0.6833909383992552,0
496,0.04276542165995689,-2.04292116386635,1
497,-1.1524208632370694,-1.0178612034634007,1
498,-1.2667466773098335,-1.262607293912862,1
499,-0.2914208693415872,-0.7964464124299979,1
500,-1.3597435396273483,-0.9879663445492826,1
501,1.4063064092233306,-1.8828144275406788,0
502,0.5315327787366284,-1.40198097470105,0
503,-1.015656839553101,0.21828409731837928,1
504,-1.2807625209621047,0.05334373851596941,1
505,2.0962500027150943,0.280060498853276,1
506,0.44531671249755633,-1.993494380444261,1
507,0.5619817313994385,-1.5221473897238766,0
508,2.7974405671243567,-1.336332576419344,0
509,0.2416108763031366,-1.609515351749864,0
510,0.6958914376182883,-1.3792211523352287,0
511,1.4899202694831188,-1.2568669553312177,0
512,0.34339667655283157,-2.404974319859159,1
513,-0.26049775913265893,-1.3302505737424555,0
514,-0.5754999728953138,-1.4791201813069592,1
515,-0.057236344034859,-2.3395328509019624,1
516,2.074469736173919,-0.2730093824339159,0
517,-0.8074969679381168,-1.0290338787605806,1
518,-0.4896377021037537,-2.1451493945066735,1
519,0.3461771350453793,-1.6359663955458192,0
520,0.38032809557576686,-2.9191583465421136,1
521,1.338524259910793,-1.2063730367736452,0
522,0.165300748346918,-2.066957305907591,0
523,0.5604860937679439,-1.3817026073078695,0
524,1.5574050752248412,-0.5486111702140034,0
525,-1.7769043401003661,-0.1697521538087461,1
526,-1.0220038601197485,-1.534174788152491,1
527,-0.3201380291738848,-1.5026879515943077,1
528,0.00860478321181013,-2.796088241807273,1
529,2.2795377614790215,-0.20692446061317904,0
530,0.286763797310546,-2.3324268363383345,0
531,2.009595946865005,-1.2206413340800717,0
532,-0.4168150565167652,-1.7076907648432686,0
533,1.3623909328671366,-1.17010920594269,0
534,1.9278621550159383,-0.2900581597425753,0
535,-1.9202501188445802,0.04746065229138985,1
536,0.7405141425751567,-1.4334132921666238,0
537,-0.610603065121368,-1.2667447076396874,1
538,1.0503712205166331,-0.02443591337054596,0
539,-0.8704272967767878,-1.5591597547859386,1
540,-0.04186194796280551,-0.4685028944253623,0
541,0.609839515897015,-1.4098363968422096,0
542,0.2281694431928818,-0.2258854548659831,0
543,-1.511797889400341,-0.398388501712569,1
544,1.6812479230867905,-1.2579049568659624,0
545,0.8643715922980035,-1.290619989783326,0
546,0.11669193982891923,-1.9411022714421224,0
547,-0.3190079539712518,-1.9415696037586598,1
548,2.445003699035049,-0.27543230081424275,0
549,-0.14222574085743056,-1.1769721466594971,1
550,0.38474896861626606,-0.6449349829335037,0
551,-3.1779031871658323,1.42866385708728,1
552,-1.2999696343497207,-0.762927003810653,1
553,-0.44383450235461086,-1.4932686053049924,1
554,-0.8023511612452198,-0.049006721302756406,1
555,0.5933617861696423,-3.4030190301862744,1
556,-1.1412105998807396,-1.241131344005644,1
557,1.6035985816015472,-1.1045181607367711,0
558,1.4017702737208952,-1.2585204942810702,0
559,-0.948907318000219,-0.7492367473357747,1
560,0.7826053859814068,-1.5567848774111082,0
561,2.1712906099368894,-0.9611914028759294,0
562,-0.9883875019747955,-1.3090635353422446,1
563,-0.6695219370916511,-1.5359012588925982,1
564,0.8717177399375732,-1.8986999658707946,0
565,0.9510404896735879,-1.7316252192001218,0
566,0.9407651877539535,-0.5972332871345056,0
567,0.19107324459415564,-2.0087853689625383,1
568,1.9831568875102876,-0.01709158624080942,0
569,0.9785005930908907,-1.1751634553464525,0
570,2.1090187677202774,-0.7443216213251285,0
571,0.017715570029635308,-1.204572653386023,0
572,2.9652989326221277,-1.1526080244591579,0
573,0.2557184311974541,-2.0794705333175045,1
574,-1.018740430028161,-0.2883004246730274,1
575,-0.2485930408201802,-1.8921016518369522,1
576,0.3156497137940293,-0.972713410957692,0
577,0.8368849451504402,-0.7879214603564151,0
578,-1.746096420034442,0.10590983826616007,1
579,-2.1741757409543307,0.0229328776726776,1
580,-1.4730323730614625,-0.15061738011351877,1
581,-1.6627717145277212,-0.871732061457115,1
582,-0.28444702091834473,-2.4322907354679026,0
583,1.4237731915751737,0.010654328878746622,0
584,-1.5281716543491897,-0.8004917805463516,1
585,2.9594489107416266,0.20630696319241815,0
586,-0.7050955233212094,-1.432640890997166,1
587,-1.6412707165429494,-0.1183321646035631,1
588,1.163964847263738,-1.0638614022651547,0
589,1.308897278933942,-0.9352606858495865,0
590,-1.7314903540985018,-0.17615961747478026,1
591,-1.1244257966778715,-0.4813629590059999,0
592,-1.6847329981062042,-0.07924227652607352,1
593,-0.9872266891511758,-0.5985139490163985,1
594,0.4067655041932702,-0.6481567525105821,0
595,1.684791165359937,-0.8820485150437432,0
596,-0.7095367325854395,-2.361487687079424,1
597,-1.0176102468725627,-1.1241881832802387,0
598,1.011576350873785,-0.4673308451856516,0
599,-0.7520961889187326,-1.0943368451810738,1
600,0.10197556595897783,-2.240606605067919,1
601,2.118170568376069,-0.5914411684998777,0
602,-0.5275164408703804,-0.8012627328922557,1
603,-0.6541138372985673,-2.8525496901795373,0
604,-0.5187620414703598,-1.5555803826823766,1
605,-0.1709548703961543,-2.229494751351142,1
606,2.6116989390463647,-1.5281101676175037,0
607,-1.3620217281495899,-1.8534371468347384,1
608,1.0104253559855265,0.10381940348401675,0
609,-1.137198403403502,-0.6155506512264662,1
610,-1.4896801354533056,-1.0548796582628408,1
611,0.8265985843730856,-0.3464323787464293,0
612,1.4844307965504375,-0.4107275946430462,0
613,0.5567842637138571,-0.25726187844299786,0
614,-1.1909162932562736,-0.9829413560625497,1
615,-0.9653165437766864,-1.0732847907004412,1
616,0.022927498954605996,-1.5542376156207576,1
617,3.0038347398745397,0.3375627453813492,0
618,1.795586130457456,-0.8515726582898107,0
619,0.3866379817684056,-2.8293255906735117,1
620,-0.969464691157242,-1.9298830902963493,1
621,-1.3047089866706554,-1.4633858762547534,1
622,0.6733256063952132,-1.3959508818924071,0
623,-0.7298537379254089,-1.4144832542984696,1
624,1.0170409820870392,0.23117917340040495,0
625,0.15824567954448276,-0.5366662581034447,0
626,1.623421472170301,-1.3179353037903494,0
627,-0.7199644088859684,-1.2955631166246593,1
628,-3.101261527633169,1.3191600641259944,1
629,2.2765693134910894,0.32229677897601605,0
630,-1.7067472834773585,0.2788192557302571,1
631,1.5561934832139728,-0.11925247574716158,0
632,-1.5095760753788277,-0.20185182791699574,1
633,0.033850869037725384,-0.06260994330714742,0
634,0.14603452741316691,-2.353349573384773,1
635,0.1248858469773324,-2.8516613212184843,1
636,-0.5772063662275906,-1.6260053055899535,1
637,1.1216541093267542,-0.5206937839235701,0
638,-0.8064137943065719,-0.7897029773662015,1
639,-1.497576328118511,-0.4279531456855713,1
640,-1.533844843946093,-0.009909298047744763,1
641,0.6840487305829068,0.17493312176004716,0
642,0.6181262112211757,-0.9554894653914752,0
643,0.2139097888143261,-1.6183246423898359,0
644,0.29244614329055485,-0.073815229497036,0
645,-2.4421087126164336,0.03233678716677746,1
646,-0.885833574117137,-0.13231193434515653,1
647,-1.550341263043417,-0.6106388268140377,1
648,0.9007333674128561,-1.0370158176942446,0
649,1.0884124216501936,-1.6728515266586947,0
650,0.10524320557949252,-1.9212768986671689,1
651,-1.9354572003540518,-0.2281648660609108,1
652,1.2314861446484584,-1.838593371987279,0
653,0.6836523292127523,-1.0466745650372635,0
654,1.6069832404889586,-1.0504869011311622,0
655,1.3141423664153513,-1.2595962512497354,0
656,0.9063817327540655,-0.7231055037950027,0
657,0.7899609583095737,-3.137538542152024,1
658,-2.053163785110924,-0.31362294344522745,1
659,-1.7356735256356237,-0.27695760519066226,1
660,1.4125595211803035,-0.3530549814777425,0
661,2.011794445265634,0.08394104608298947,0
662,2.1770889580197816,-1.0555328896671827,0
663,-0.0049021005449758626,-1.7119791839673877,1
664,1.2247346067831795,-1.1008460040412524,0
665,-0.05977790681096262,-1.8843388262893663,1
666,-0.8190777604300077,-0.9149710444814435,1
667,1.6016410286975344,0.028907254972685203,0
668,-0.936695147232153,-1.5852692315986148,1
669,-0.22031566603276076,-3.0760892406182956,0
670,-0.0707493643129673,-1.341844913264187,1
671,0.4346941320574679,-1.4950927799608351,0
672,0.8279887634894629,-1.244514118629176,0
673,1.3846862796786206,-1.4861042200312535,0
674,-0.6892977594634384,-1.928628332129068,0
675,-0.06569862561600237,-1.435720216667089,1
676,-0.3338063711974807,-0.9398173358233118,1
677,-0.09363296567714163,-1.06379954122327,1
678,-0.4136529250394483,-1.9685039241244058,0
679,1.0845751179631071,-1.6586236083694548,0
680,0.6067349462662674,-0.7620704932823673,0
681,1.6060424740703656,0.2150810661951148,0
682,-1.9296759710957194,-0.01267179121850115,1
683,1.1103326841437196,-0.8824037305219768,0
684,1.0412086581472195,-2.137723448495408,0
685,-0.6272614814859117,-1.2660904697237099,1
686,0.7481930416570367,-1.134866042283769,0
687,2.095039847627552,-0.5372020981073309,0
688,-1.6056342682308933,-0.29398677167635967,1
689,-1.470474600313985,-0.18106789091317022,1
690,2.343427024835383,-1.140478161877552,0
691,-0.8068964350964732,-1.850434438314726,1
692,1.1857196908614827,-1.4940319204559025,0
693,-0.8273358978597027,-1.4878313862177939,1
694,-1.6764734255166756,0.26431919425463213,1
695,1.8749274647963379,-0.9207976682582177,0
696,-0.6161800092044494,-1.103558176986082,1
697,0.9996446929231961,-0.34586942811505317,0
698,0.7310634970582959,-1.4122954263089613,1
699,-0.2896164972998624,-1.4462501558352432,1
700,1.7836081225545335,-0.510811301918535,0
701,-1.272836115879191,-0.656925010645233,1
702,-0.5305228853741752,-1.0532511471252903,0
703,-1.4067677869230217,-3.048342209652621,0
704,-2.0347433910594788,-0.04656025386561691,1
705,-0.015197623561737372,-1.6495118856728817,1
706,1.1619096075361075,-2.250079997625364,0
707,-1.5279945586512853,-0.8746729494008689,1
708,-0.0442700777354077,-2.3529766851763614,0
709,-0.32301403481577373,-1.8870393665460183,1
710,0.8863044223614798,-1.7570625772654755,0
711,-0.4022419577313675,-2.0890681870409518,1
712,1.2896119102590293,-1.101320811644095,0
713,-0.5350337187600793,-2.027032149225125,1
714,-0.2726144680433742,-0.368134138030639,0
715,0.4514106480181195,-0.23832752258926948,0
716,1.9904018075758692,-0.810925082871166,0
717,-1.1065262412524797,-0.723400795591318,1
718,-1.9671514328020006,-0.41312630561811914,1
719,0.2915266276240276,-2.974155530748237,1
720,-1.3339584905109059,-1.5513407742267558,1
721,-1.5967762282816211,-0.48327886739449744,1
722,1.118913032263652,-1.3894517115405196,0
723,-1.3116256458755502,-0.848955974766105,1
724,-1.4983715755934746,0.09898109793739507,1
725,-0.46213792982932,-1.3459392893689741,0
726,-0.8411887972958996,-1.4249357389530601,1
727,-1.4291308541105259,0.24882891406910024,1
728,1.3410859126169652,-0.4745136350919784,0
729,-1.3728435255600968,-1.3157828448947595,1
730,1.1515486956592236,-0.8303433755604728,0
731,-0.574552867877655,-2.406046028290537,1
732,1.5560065228675248,-0.8398242243438241,0
733,1.0512475815228441,-1.6277286067170942,0
734,0.8256133665781479,-0.8329554989156043,0
735,-1.2384255827338821,-1.3125007080147684,1
736,-0.873864206148485,-1.4246588469607213,1
737,1.620190668072831,-0.6896095755577365,0
738,-0.21488242161157733,-1.3893305370062294,1
739,0.3292662385766185,-0.12644196233846383,0
740,-0.6995552509926657,-1.8520033075074034,1
741,1.2494484563018944,-0.8769997736640474,0
742,-0.8627674464624473,-0.32157174152517065,1
743,0.6308497286075556,-0.6442244295933923,0
744,1.737897173024271,0.07373998819537486,0
745,-0.01670099281162607,-2.074647269550597,1
746,0.8502771959710685,-1.9234279719702672,0
747,2.1923253821325477,0.3161844518848267,0
748,1.9135490835890392,-0.8974352773118511,0
749,0.18556173547451005,-2.3404061455252423,1
750,1.5378244019572989,-1.6418732362687791,0
751,-1.8238036845634777,-0.6245041432453651,1
752,-0.14109802155947948,-1.7696868499757055,0
753,-0.6701219880028242,-1.311389100934509,1
754,-0.9314644734754473,-1.0374252094530894,0
755,-1.2450961346464755,-2.087534452245785,1
756,-0.9622216048494221,-2.0542592551902374,0
757,2.050307202610365,0.09386491994182755,0
758,-0.3013655708725155,-1.668431812175909,1
759,1.1174641558394012,-0.9145869795604147,0
760,0.556802146148693,-0.9409901104413472,0
761,-1.3689353690746464,-1.2058424081300454,1
762,-0.8126116859848901,-1.5062108350610974,1
763,0.4120846016021549,-2.7298967535762184,0
764,-0.9026561988972729,-1.3408301175185695,1
765,0.7098832820587263,-0.8207961091438853,0
766,2.4849272245173806,-0.4771082814006997,0
767,-0.7748346500416323,-1.1897982253013342,1
768,-2.0565662356542913,0.11124767358697984,1
769,2.201946869610798,-0.3647688553482985,0
770,1.0676861676517935,-1.2598111706696413,0
771,0.5169558371875365,-1.1795738058008496,0
772,0.5798448049268938,-1.536622608431954,0
773,0.3601945431764413,-1.1041787571720671,0
774,1.871161920157442,-0.7678567788036029,0
775,0.7300693465100512,-0.5698310026420905,0
776,-1.5968283929433222,-0.138378019229091,1
777,1.400613220335889,-0.4747710557654765,0
778,-1.6105264705782458,-0.43031239036465296,1
779,-1.071045799817212,-0.23904378624570166,1
780,-0.002621456912927367,-1.9606322400848117,1
781,1.0207018931487637,-2.295098288282613,0
782,1.6145238645458224,-0.6206052557974207,0
783,-1.0639838052117938,-0.010937334161788548,1
784,-0.7485731887246654,-0.7329499715436031,1
785,1.6670350605797712,-0.47896556368802057,0
786,-0.1568843707704135,-2.7653201483039105,1
787,0.9630258652368671,-2.030625171655972,0
788,-0.4600847827643205,-0.6154210152106916,1
789,1.9257778487461241,-0.9631091645117329,0
790,0.6248424330977607,0.06888622878269501,0
791,0.7711174223221385,-0.3765640636672827,0
792,-0.13597826485497022,-2.393695883593607,1
793,-0.8217639660402343,-0.7457657114212053,0
794,0.6467144997876761,-1.8833108195749602,0
795,3.0240902940852528,0.010381199965642907,0
796,-1.7790367647508778,-0.17970512164369923,1
797,2.044007876007857,0.14606304836515482,0
798,-1.4248073944009276,-0.933390903437126,1
799,2.943953277860466,0.07545172386856902,0
800,-2.027211171188471,-0.4380110680073701,1
801,1.2448234442979356,-0.6430399734615478,0
802,0.3230097736285913,-0.8164892508577486,0
803,2.1707282511147286,-0.9990548052644642,0
804,-0.42628918658743253,-1.2006642041643183,1
805,0.0825484533902534,-1.9583594519487315,0
806,-2.2759321955900473,0.18945296767353925,1
807,-0.4311776484982448,-1.3567794581097365,1
808,-1.7722419140561243,-0.1404151685692523,1
809,2.2922696448349384,0.45204287947825716,0
810,-0.3956793012164186,-1.3743051445672876,1
811,1.200933612809212,-0.6249089714390432,1
812,-2.3469405486414905,0.7571275456003752,1
813,0.12319286328860535,-0.29666325835504603,0
814,-0.1927561478131783,-2.214260863628348,0
815,1.5494153928813335,-1.8686289597200831,0
816,-1.107883558616088,-0.8605936371334402,1
817,-1.328039726852006,-0.5682595900324082,1
818,1.0869026803227562,-0.6455724743649907,0
819,-0.38484989035301,-0.9678335471745103,0
820,-0.7848258909721888,-1.0438123310697607,1
821,1.9177140083854707,0.17659029721374186,1
822,0.6682318801432636,-1.396457498886483,0
823,-1.3983248717952215,-0.4411301168728432,1
824,1.1786886847984706,-0.5226045736492357,0
825,-1.4970147962363,-0.6378023884531794,1
826,1.6104423378237342,-1.1224735581879604,0
827,-0.6172466670887611,-0.14102498493791338,1
828,-0.23681238517732728,-2.5393835371302034,1
829,-0.8136791875125142,-2.0432977955092158,1
830,2.715332589441121,-0.3511551154229341,0
831,-1.8326657860161664,0.004926874435336348,1
832,1.3465974108168997,-0.5430904001540853,0
833,0.7411093331213392,-1.5203901068174792,0
834,1.2000808471340487,-1.0684297778389071,0
835,1.9316928079459208,-1.4471128713421448,0
836,0.9772943322398095,-1.4167023880538185,0
837,2.8363053912426066,-0.8851142573474873,0
838,0.10728888658378266,-0.9338255123109037,0
839,-0.7999259575672384,-1.7478611433238562,1
840,-0.5816682347587996,-1.3135780615331636,1
841,-1.0591127301914267,-1.1431690046221703,1
842,-0.137124586408774,-0.44193666643082463,0
843,-0.9048317630111201,-0.389724998830565,1
844,1.6578297195264327,-0.9200864862284127,0
845,-1.1900830556058877,-0.14340745767743257,1
846,0.4094874072796567,-1.660073094095648,0
847,-1.1416136314560137,-1.6813086005311746,1
848,0.9347710177825448,-0.6658850796579898,0
849,0.9601000607672556,-0.32713144916243764,0
850,-2.207632166282598,0.30755032661389325,1
851,0.39997661644046234,-0.6971601803030502,0
852,-0.6866025245197328,0.05740199764574738,1
853,-0.6170647746701836,-1.8966644405765742,0
854,-1.855003276403173,0.10664671084385313,1
855,2.1812965636760993,-0.7052952292162391,0
856,-0.4800996541484548,-1.7007597636043081,1
857,-1.0086133174373086,-1.835352725050046,1
858,-1.72354169462721,-0.6033617193940732,1
859,0.8321238189753707,-1.7435813707709669,0
860,-1.6695963860126137,-0.7432084907286931,1
861,-0.4521477134107781,-2.5040828137044184,1
862,-0.464227253105586,-1.9703442445244532,1
863,0.5795174165774186,-1.9799853889715053,1
864,-0.09617841802630334,-1.4958138827607446,1
865,1.601839989770002,-1.5915341966617458,0
866,0.7349745924478424,-1.4295237453911271,0
867,0.008263666167540484,0.0034084228379682724,0
868,0.7986698352636458,-0.45867320103429843,0
869,-0.17877096290914596,-2.2461437542767406,1
870,1.5617552661208485,-0.4182113971131569,0
871,-1.2001693585057163,-1.2565414685183411,1
872,-0.4901473071794602,-1.3717832419291702,0
873,0.3869576947074207,-1.094949223957301,0
874,2.1335585603596385,0.21587429352193466,0
875,1.8274701412933259,-0.9977312081620604,0
876,-2.9526622703359413,1.8325218903506468,1
877,-1.2741737599408356,-0.9604557965181139,1
878,0.7768572835065334,-0.8961793920420154,0
879,0.43184673452473477,-1.7137825860567673,1
880,2.136883482870915,-0.7091510996070893,0
881,-1.3602394702555263,-0.1293014381648725,1
882,0.39931717234220454,-1.9314511449084106,0
883,-2.452919939302427,0.1617833970714857,1
884,-1.6473533006991734,-0.47667505175059477,1
885,0.5230091783222488,-0.6642850531436892,0
886,-0.5733573619356003,-1.8059657723607763,1
887,1.3234196879331463,-0.48345112896012454,0
888,1.2762588290686485,-1.5784106198083327,0
889,0.9935830038608733,0.11996391882737312,0
890,-0.3725987996767006,-1.0601008108902092,0
891,-0.6728566760736954,-0.9767119730812277,1
892,-0.712596340273854,-1.1310332541523673,1
893,1.0175644070428018,-1.1161751166426512,0
894,-0.3082394222878474,-1.2446079174534246,1
895,-0.9509275161867397,-1.4471192634677958,1
896,-1.095180477229357,-1.1670540754217122,1
897,-0.3540684446863279,-2.1381113573655504,1
898,-0.77855871662954,-1.747364016756001,1
899,0.7730216094782443,-0.06646333786950531,0
900,1.7048174941227305,0.24089115749475254,0
901,1.5361879013545963,-0.976075122348101,0
902,1.0955203737963215,-0.439243750302596,0
903,-1.0954639556989918,-0.7088956234715242,1
904,0.6359613022924591,-0.758151103714873,0
905,0.633737467291553,-1.5294655294674444,0
906,0.4268197018131036,-1.0458798651145431,0
907,1.2462366365426565,-1.2502029491629876,0
908,-1.4455909731451624,-0.11556683952343516,1
909,-1.3919579531469657,-1.6638826735901273,1
910,-1.6950248300656603,-0.3110107619227055,1
911,0.27194275636181175,-1.9756609022036251,1
912,-1.0339679932667696,-0.9680688907144975,1
913,-0.5051600033420691,-1.0820163898883752,0
914,0.7011493103033914,-1.5341567646104672,0
915,-1.1713309128064704,-0.3811089604655943,1
916,1.090044422634592,-0.6960726565848784,0
917,0.2985983262549158,-2.6282353750146763,0
918,-0.27832901494150475,-2.7374996368506483,1
919,1.20441912430409,-1.445127070352596,0
920,-0.41634962539197373,-2.4829612059646067,1
921,-0.10809065757172887,-2.1892380766269013,1
922,0.3789189105676857,-1.7330366961206876,0
923,0.8910278912629915,-1.4715565191211484,0
924,-1.8542268553349865,-0.565083725289067,1
925,2.313034401954506,-0.3950510591759758,0
926,-0.9808658871639049,-1.861053322274977,0
927,-0.1257679294663936,-2.6044860854433116,1
928,-1.0349620595729887,-0.6973200412722458,1
929,-1.4495615080995072,0.0027474494018504547,1
930,-0.4877459709021259,-0.7418494787920014,1
931,-1.6960900501120713,-0.3290366118363346,1
932,1.3739165548670695,-0.4747573803471483,0
933,-1.71518817862813,0.2674398734768997,1
934,-0.21123728449218548,-1.826539496035061,0
935,-0.04517533760612169,-1.2861411652268315,0
936,-1.5819257319062912,0.1419736718515392,1
937,1.2852177490263792,-0.94211516466684,0
938,2.0439634400695694,-0.09548062802741564,0
939,0.9172250237574349,-2.26797343866018,1
940,0.2448150716211075,-1.7614785354643838,1
941,1.459453515726083,0.33737232790129035,0
942,1.5506069786817838,-0.8191869237282577,0
943,1.409238149329777,-0.6511110023010729,1
944,-1.222566843653005,-0.3621780997937124,1
945,-2.630003723691317,-0.25212663817426095,1
946,-0.40492790035138115,-1.1694528049231785,1
947,-0.1262922433684749,-2.4164166221049257,1
948,0.8970215653336769,-0.6086011108726835,0
949,-2.3709220587710362,0.01747169581842667,1
950,2.213970016840828,-0.607551395602405,1
951,-0.7291047355910578,-0.5154217398994521,1
952,2.436865354369423,-1.1669759305831056,0
953,-0.5449440831141164,-1.854644237598637,1
954,-0.8079776105815586,-1.7831459023090783,1
955,-1.7542952792283508,0.2954844443459397,1
956,-0.5369754471435788,-2.1604025433163634,0
957,-2.0941094201544193,0.7750159112544164,1
958,-1.0821936336099256,-1.1614371706202427,0
959,-0.13797103928589982,-2.055876214157839,1
960,-0.8346880098789098,-1.815529214814116,1
961,0.6490238505050557,-1.4851540309583666,0
962,0.46539533082934925,-1.5461550690303514,0
963,1.2724176437573562,-0.33690416433228476,0
964,1.8605178819526085,-1.0118944496830622,0
965,0.13232776021179515,-2.969860107357161,1
966,1.056311705974357,-0.6053548770077691,0
967,-2.8227732296133032,1.3660980771629059,1
968,0.6087269244028957,-2.242385655049636,0
969,-0.31193557018984963,-1.4283096104079536,0
970,0.009823159545659599,-1.0672295555170475,0
971,0.33087007417374026,-1.331177692634573,0
972,-0.2646306390878157,-2.1337166838941517,1
973,-1.3613583737435542,-0.7394525981413764,1
974,0.914632694693281,-0.6957978624770906,0
975,0.49334914956001596,-2.4272623705489007,1
976,-0.12206362196683707,-1.0971815961176323,1
977,2.3150823201270354,-0.4298081694199761,0
978,-1.2109210513697304,-0.6026210259374284,1
979,1.1757185799490397,-0.9206641359557378,0
980,0.28483769884300003,-1.8518715037227569,0
981,2.6528190543913603,-0.3793216295968992,0
982,-0.06858853606612847,-1.8276598975935943,1
983,-1.9892663368741017,-0.4692188434325162,1
984,0.013480690323152023,-1.3035259980363305,0
985,0.3961653963479618,-1.360898604987,0
986,1.130970871370705,-0.33977174096905505,0
987,0.8056667641971516,-1.3796459131128778,0
988,1.4227009352730167,-1.3179104287503556,0
989,-0.4586786156495296,-1.8897548941476443,1
990,-1.289272459871734,-0.6412508645637109,1
991,-0.8885120503524131,-1.1611638285245869,1
992,1.3417230862869032,-1.491795112104294,0
993,-1.9379118699569768,0.32653219288475777,1
994,-0.8233090868921915,-1.6377391677284034,0
995,1.2278372122471615,-2.031968437935312,0
996,-0.6864069250478977,-2.006973217995972,0
997,2.0604380221750134,-1.7133904057824185,1
998,1.9066734090228508,-0.0481825851384613,0
999,-0.7945773147389867,-0.9055642008963973,1
