,x_stderr,accuracy_score_stderr,f1_score_stderr,roc_auc_score_stderr,empirical_robustness_stderr
0,0.0,0.0,0.0,1.295336787567385e-06,0.005718889587783483
1,0.0,0.003401707604118015,0.004102500858329094,0.00043525812331510487,0.006196909842814996
2,0.0,0.004201353998292966,0.005062472790745431,0.0004074394952252274,0.007660381081480846
3,0.0,0.0055580813286020695,0.006575669083737735,0.0013434881077113577,0.004475698403976695
4,0.0,0.004888395571633881,0.006075978597933705,0.0007085100461603164,0.006857149912997668
5,0.0,0.0025041980032507525,0.002938064944780403,0.0004076082536284974,0.006434379789507853
6,0.0,0.0031173984319427532,0.003675265494951894,0.00041765542809193496,0.007390118663752763
7,0.0,0.0032069970845481108,0.0037607023854024707,0.0003892640243049489,0.005289435975624683
8,0.0,0.0022208736408214644,0.0025792242349397913,0.0003482756190984123,0.006671253448323111
9,0.0,0.0024105183196914365,0.0026891130712414788,0.0005831339934721186,0.01078017968856619
10,0.0,0.0028586134266438746,0.003111098259974813,0.0005616594738899624,0.007912900930441974
11,0.0,0.003647876458527405,0.004005398142454906,0.0005786814262662446,0.006840671672423341
12,0.0,0.0026418420250861386,0.002986928549261828,0.00026223057656460657,0.0036424587001879435
13,0.0,0.0029109943247327746,0.003367656674129641,0.00019689392713239125,0.007850115485635752
14,0.0,0.0023883781783176866,0.0028259939148519136,0.00026030043017369147,0.004738819333530597
15,0.0,0.001844533809145026,0.002120114527802028,0.00020395734331210672,0.007566969710757541
16,0.0,0.0013648757925352833,0.0015682587710913784,9.268284434503525e-05,0.00861207821204848
17,0.0,0.0020477461132852805,0.0022895458331434215,0.00012986915235737562,0.006324901029518869
18,0.0,0.0029235391557806203,0.003249009345843873,0.00018552743342712045,0.00994395324597268
19,0.0,0.0032191218804765625,0.0036199882266661496,0.0002519978297548186,0.007375586668351476
20,0.0,0.0017519685497881432,0.0019763456559620247,6.731321336754252e-05,0.00638710806594401
21,0.0,0.0014447102767073427,0.001617114558965756,3.974555728054876e-05,0.005781921530422434
22,0.0,0.0014609617471693763,0.0016851670835261044,6.152845532560004e-05,0.0063358875617044045
23,0.0,0.0015887058041080498,0.0018141779968699737,4.716766232807322e-05,0.009458278726175181
24,0.0,0.001481025330819062,0.0016982540070145302,7.818789324732042e-05,0.009918471481431847
25,0.0,0.0012633624878522706,0.0014554195641300369,7.462048264854361e-05,0.005537769046267168
26,0.0,0.0013614116351916346,0.0015682419224863793,5.0254813685201036e-05,0.009028152296046393
27,0.0,0.0016719777001054665,0.0019466670864764194,7.736758746036072e-05,0.006147795679835279
28,0.0,0.0024435939670904043,0.002862823762216342,0.00017809268490606315,0.00616861071918328
29,0.0,0.0017309536570026122,0.0020001870269936955,0.0001958680558555545,0.004324317548544384
30,0.0,0.0024144330901467222,0.0028827666337555777,7.769954841745376e-05,0.0037895848018990306
31,0.0,0.0009270546175091775,0.0010665203154372497,3.5212271003747276e-05,0.004740229127777693
32,0.0,0.0018919263687008456,0.002161744354188211,0.00011904794042224499,0.005379387854234868
33,0.0,0.0010376169341138352,0.0011933357878797812,5.191332411304205e-05,0.006396569220530996
34,0.0,0.0008746355685131165,0.0010162362463514542,3.430159841051773e-05,0.0055600112895247255
35,0.0,0.0015639919280302347,0.0018356581862384875,3.148007625673775e-05,0.006711839998871499
36,0.0,0.0015055328848230984,0.001768834449180061,3.218805008288425e-05,0.006550181903455224
37,0.0,0.0014706264286123976,0.0017284920370135431,3.712740895195236e-05,0.004581756472149185
38,0.0,0.0006680139497020213,0.0007777866594541603,2.56318170633078e-05,0.005822947980598578
39,0.0,0.0008759842748940763,0.0010187225214044685,1.2158153184757855e-05,0.0059200151465244755
40,0.0,0.0007464670308910179,0.0008708390769302126,2.1152761163936663e-05,0.0060058226117643936
41,0.0,0.0008472106790166596,0.0009867842853512588,2.0821615828566946e-05,0.007015389002891201
42,0.0,0.0009077522688177639,0.0010511317034632957,1.0394628719199606e-05,0.007462113909260357
43,0.0,0.0007272414745916328,0.0008427654246955472,1.2550506250186918e-05,0.0051129081620276354
44,0.0,0.0005233396314027717,0.0006112475746336843,1.2215944256717375e-05,0.004255598222295465
45,0.0,0.0006222666897407884,0.000725993960127732,1.3759836963407385e-05,0.006819156684409497
46,0.0,0.0004955315367922928,0.0005747929258234312,1.0152672474671846e-05,0.005538991367785856
47,0.0,0.0005073035232706743,0.000584866005312087,8.262924636967051e-06,0.0044909336605233
48,0.0,0.0004584053028210087,0.0005282829595378337,7.30488056445879e-06,0.0049287396089621885
49,0.0,0.0006165489572618747,0.000715834413835667,1.078583419412283e-05,0.0062473795034798715
50,0.0,0.0004883321487425127,0.0005661040389104979,1.1152199555435818e-05,0.006310260605051279
51,0.0,0.0003073156132330781,0.0003572391404169346,9.143569472817728e-06,0.005034594953133144
52,0.0,0.0004883321487425049,0.0005649205355445413,8.99280331134448e-06,0.004547358378971274
53,0.0,0.0002616698157013808,0.0003035237293009632,5.33887075158368e-06,0.003119538210960154
54,0.0,0.0003073156132330751,0.0003595900333984926,6.339296357390593e-06,0.0044987549308765674
55,0.0,0.00014577259475219174,0.00016852413909134882,9.654870369184046e-06,0.004121379894724032
56,0.0,0.00026166981570137875,0.00030478818836301297,1.021775437496305e-05,0.004635896197374669
57,0.0,0.0002915451895043706,0.00033884939700356284,1.1585844443009038e-05,0.0052040155618396635
58,0.0,0.0002226713165673473,0.0002550215460789669,9.803906946422629e-06,0.004717491642541801
59,0.0,0.0004346099081632152,0.0005018629178604296,1.4518733693618398e-05,0.005368071213480046
60,0.0,0.0003636207372957969,0.0004190378157060474,1.0938399539445246e-05,0.005271205133082747
61,0.0,0.00021730495408160436,0.00025092854113776403,1.192418835764672e-05,0.005095741819146252
62,0.0,0.00019436345966958624,0.00022406362227593335,1.0347691115733758e-05,0.0039572099208242464
63,0.0,0.0002616698157013866,0.00030227927526330604,1.1329112639122477e-05,0.0048641538350872
64,0.0,0.0003636207372958009,0.0004190378157060198,8.54393902110665e-06,0.005643496015260381
65,0.0,0.00043731778425654155,0.0005037115167885263,8.992803311352186e-06,0.0050085581901612285
66,0.0,0.00014577259475216853,0.0001686078757626026,8.99280331135751e-06,0.0024188147016762267
67,0.0,0.00026166981570138395,0.0003020365646613868,1.4360932277802003e-05,0.004195985068743915
68,0.0,0.00026166981570138395,0.0003020365646613868,1.4323379740504085e-05,0.004686574894112476
69,0.0,0.00026166981570137745,0.00030478818836301476,1.1713868710060897e-05,0.006357365633760417
70,0.0,0.00021730495408160436,0.00025092854113776403,1.4890635758631192e-05,0.0057070357206860664
71,0.0,0.00014577259475216853,0.0001686078757626026,1.473681719765354e-05,0.0040637825136582316
72,0.0,0.00014577259475219222,0.00016804771670693908,1.2494262760044472e-05,0.0038377439589325534
73,0.0,0.0,0.0,8.773604291389703e-06,0.004339080909209712
74,0.0,0.00029154518950437095,0.0003355380612191522,8.421841587983665e-06,0.004394198363061539
75,0.0,0.00022267131656732335,0.0002598516979318887,8.446402274695016e-06,0.0037669476290866123
76,0.0,0.0002616698157013822,0.00030206239221463915,7.417443135711256e-06,0.0021293803169890875
77,0.0,0.00026166981570138536,0.0003023010960435008,1.107765193143753e-05,0.005310353656940003
78,0.0,0.00019436345966958624,0.00022406362227593335,1.14020163041765e-05,0.0013151257202322446
79,0.0,0.0002173049540816121,0.0002542740559133216,1.0014003331497632e-05,0.0032460654822302733
80,0.0,0.00014577259475218217,0.00016860787576259662,7.287846229800903e-06,0.0024572704049791415
81,0.0,0.0005344995140913502,0.0006203039761351711,6.180457845020752e-06,0.005761021916830162
82,0.0,0.000541084972092325,0.0006280786801388442,6.494251106900106e-06,0.004352577906837557
83,0.0,0.0004760913008324951,0.0005535478941362943,7.74532184633876e-06,0.0032148788144347783
84,0.0,0.00014577259475219222,0.00016852413909134876,4.459393605306486e-06,0.001990241407587595
85,0.0,0.00019436345966958855,0.00022186260240271929,7.772020725394175e-06,0.002107863238875751
86,0.0,0.0002915451895043683,0.0003359923898498436,6.200535183805551e-06,0.004244037863806789
87,0.0,0.00031113334487039093,0.0003569841391985379,5.018881915417749e-06,0.0019165471910472514
88,0.0,0.0003259574311224086,0.0003745378001784993,7.745321846335139e-06,0.0036006406617137858
89,0.0,0.00022267131656734896,0.00025502154607896755,8.806596741951617e-06,0.0019722910719959835
90,0.0,0.00014577259475219325,0.00016472545757072575,8.582643359752166e-06,0.0019396288158949658
91,0.0,0.00014577259475219325,0.00016472545757072575,8.141701568073342e-06,0.002472172134235294
92,0.0,0.0,0.0,7.851572652267145e-06,0.001797385095659806
93,0.0,0.0,0.0,6.494251106901836e-06,0.0015497483744268104
94,0.0,0.00014577259475219174,0.00016804771670694412,3.5952780647097117e-06,0.0022247021083214177
95,0.0,0.00019436345966958912,0.00022406362227592812,4.542237719637735e-06,0.002393650784593986
96,0.0,0.00019436345966958624,0.0002240636222759109,6.514951236467858e-06,0.0018857074955842283
97,0.0,0.00021730495408161024,0.0002509285411377688,9.354102941443192e-06,0.002220982145994769
98,0.0,0.00014577259475219174,0.00016804771670694412,7.877911446978996e-06,0.0025205957568618306
99,0.0,0.00014577259475218217,0.00016860787576259662,1.0152672474694804e-05,0.0019799334929228945
100,0.0,0.0,0.0,8.421841587980157e-06,0.0019502699135001257
101,0.0,0.00014577259475219174,0.00016804771670693693,7.935549080078425e-06,0.002574885637176311
102,0.0,0.00022267131656734696,0.0002566971273913526,8.773604291378576e-06,0.0035740754797839356
103,0.0,0.00014577259475219222,0.00016852413909134584,6.065431060941824e-06,0.004060188936286454
104,0.0,0.00014577259475218079,0.00016860787576259323,7.190556129416746e-06,0.002754323378505656
105,0.0,0.0002616698157013846,0.0003020365646613946,5.1492641968933505e-06,0.004039171414929848
106,0.0,0.00022267131656734896,0.00025669712739134087,6.570358209854021e-06,0.004299859599693681
107,0.0,0.00019436345966958624,0.0002240636222759109,6.817915533874094e-06,0.003077439050919159
108,0.0,0.00019436345966958624,0.0002240636222759109,7.103605457259175e-06,0.002612499313633301
109,0.0,0.0,0.0,5.1492641968897566e-06,0.0026183352646137067
110,0.0,0.00014577259475219325,0.00016804771670694238,4.505606172269734e-06,0.0025006248376893488
111,0.0,0.0002380456504162557,0.00027442077224785257,5.906241948381546e-06,0.0041259991895965615
112,0.0,0.0003223153343396909,0.0003711194859943565,6.200535183803182e-06,0.003360059021011727
113,0.0,0.00014577259475218905,0.00016804771670694086,4.641484023198233e-06,0.002135249200991425
114,0.0,0.00031113334487040145,0.00035818363081305824,7.664667216869177e-06,0.001536299463967268
115,0.0,0.00031113334487040145,0.00035818363081305824,4.542237719653741e-06,0.0034186098981626263
116,0.0,0.00032231533433969394,0.00037117556739233083,5.96209417882282e-06,0.00413630557662019
117,0.0,0.0003223153343396933,0.0003711194859943578,5.7857660455511145e-06,0.004233486509842076
118,0.0,0.0003223153343396933,0.00037111948599435456,7.37262433785686e-06,0.0034666505050714794
119,0.0,0.00014577259475219174,0.00016804771670693693,5.469199769732806e-06,0.0033787831663887884
120,0.0,0.00014577259475218144,0.00016860787576260052,4.30818351960517e-06,0.002640385845147763
121,0.0,0.00036362073729580806,0.00041903781570602874,8.018646100869148e-06,0.0035914693035601305
122,0.0,0.00026166981570138444,0.00030227927526330496,6.695281145434554e-06,0.0028953320081541952
123,0.0,0.00019436345966958847,0.00022406362227591823,7.83572687899971e-06,0.002544927916637921
124,0.0,0.0003917520771767978,0.00045092341601755384,1.1402016304175637e-05,0.0035757202042869954
125,0.0,0.0004236053395083223,0.0004875682632358901,8.900187008489677e-06,0.0048557002335617525
126,0.0,0.0004036260380426627,0.0004645651547353953,8.83008730580984e-06,0.004369673874413698
127,0.0,0.00038872691933915997,0.00044747712162805913,1.2106931977444153e-05,0.0041989193597104
128,0.0,0.0003259574311224192,0.0003753508612399599,1.1107531019916844e-05,0.005161057772301915
129,0.0,0.0002915451895043766,0.0003364691318292776,5.757052389182309e-06,0.0033481073418352874
130,0.0,0.0002915451895043766,0.0003364691318292776,7.877911446986072e-06,0.003358224042860256
131,0.0,0.00019436345966958912,0.00022406362227592275,8.941983055285277e-06,0.0033279174362753103
132,0.0,0.00014577259475219174,0.00016804771670693693,5.315539813655495e-06,0.003488811174389451
133,0.0,0.00014577259475219174,0.00016804771670693693,3.5136890085644406e-06,0.0033119643013803856
134,0.0,0.00014577259475219174,0.00016804771670693693,5.221173617509473e-06,0.003209916788179685
135,0.0,0.00019436345966958855,0.00022406362227592885,6.180457845014442e-06,0.0018251188512747052
136,0.0,0.00014577259475219174,0.00016804771670693693,6.443013611285578e-06,0.003598289978271061
137,0.0,0.0,0.0,2.3028209556737377e-06,0.0018626400188418283
138,0.0,0.0,0.0,4.994056296172606e-06,0.0022383995273593258
139,0.0,0.00032231533433969015,0.00037111948599435765,8.867542775337776e-06,0.004098615266286813
140,0.0,0.0003259574311224238,0.00037535086123995375,8.654747483241545e-06,0.004821700906244739
141,0.0,0.0001943634596695895,0.00022406362227592657,8.539088643743596e-06,0.0032798760676658423
142,0.0,0.00014577259475219222,0.00016804771670694203,7.540694817178402e-06,0.0028676337830396627
143,0.0,0.00014577259475219174,0.00016804771670693796,6.956272869087694e-06,0.002423878102998986
144,0.0,0.00014577259475219174,0.00016804771670693796,5.307740044503814e-06,0.0019173013400859934
145,0.0,0.00019436345966958855,0.00022406362227592964,6.065431060942237e-06,0.003938218758489227
146,0.0,0.00014577259475219174,0.00016804771670693796,4.230552232788752e-06,0.0026748330799730466
147,0.0,0.00019436345966958855,0.00022406362227592964,4.230552232788704e-06,0.004392778904753824
148,0.0,0.00019436345966958855,0.00022406362227592964,3.872660923164921e-06,0.0034321825688167456
149,0.0,0.00019436345966958624,0.00022406362227593026,5.346625106794472e-06,0.0034963535963299804
150,0.0,0.0003223153343396919,0.0003711194859943541,5.934233773205099e-06,0.0029291006083902024
151,0.0,0.0003111333448704005,0.0003581836308130555,8.844151695888319e-06,0.0033763561910799557
152,0.0,0.00029154518950437095,0.0003355380612191522,7.372624337872313e-06,0.003495394758433953
153,0.0,0.0003223153343396947,0.00037111948599435765,4.952403723115391e-06,0.0014473359226045168
154,0.0,0.00019436345966958673,0.00022406362227591747,3.4542314335110725e-06,0.0014927482294925958
155,0.0,0.00014577259475219222,0.0001680477167069415,5.934233773202989e-06,0.0022067300232508037
156,0.0,0.0,0.0,4.4593936053124014e-06,0.0019526103433795087
157,0.0,0.0,0.0,5.927248210130451e-06,0.002590218687767617
158,0.0,0.00019436345966958847,0.00022406362227592741,5.11698009057069e-06,0.0019925778849310405
159,0.0,0.0002380456504162563,0.00027442077224785637,4.468674351255978e-06,0.00215102775753506
160,0.0,0.0002380456504162563,0.00027442077224785637,6.595532088307687e-06,0.0021878604799453827
161,0.0,0.00023804565041625603,0.000274420772247861,3.818796534666095e-06,0.0027385936914510337
162,0.0,0.0002226713165673466,0.00025669712739135025,4.269544321875373e-06,0.00241917777727635
163,0.0,0.0002226713165673466,0.00025669712739135025,3.957319252991244e-06,0.0017459720729382118
164,0.0,0.0002226713165673476,0.0002566971273913515,6.9324090839346195e-06,0.0020000435543925375
165,0.0,0.0,0.0,6.564049655149282e-06,0.0016798848844438493
166,0.0,0.0,0.0,3.957319252988526e-06,0.001982083598422992
167,0.0,0.00014577259475219174,0.00016804771670693796,4.308183519592419e-06,0.0017376229085748049
168,0.0,0.00014577259475219325,0.00016804771670694238,4.850978568317675e-06,0.0017355190767824181
169,0.0,0.00014577259475219174,0.00016804771670693796,4.317789291886303e-06,0.002864549444492577
170,0.0,0.00014577259475219174,0.00016804771670693796,4.468674351254743e-06,0.0025470357464042036
171,0.0,0.00014577259475219174,0.00016804771670693796,5.871064494642138e-06,0.002778101269483978
172,0.0,0.00019436345966958624,0.00022406362227592872,7.3726243378684095e-06,0.0026125583496208176
173,0.0,0.00019436345966958624,0.00022406362227592872,5.8214589568695e-06,0.00243617159868674
174,0.0,0.00014577259475218992,0.00016804771670694046,6.4107822254770785e-06,0.002342804789325401
175,0.0,0.00014577259475218992,0.00016804771670694046,6.065431060932458e-06,0.0021351215561460505
176,0.0,0.00014577259475218992,0.00016804771670694046,7.056793708768021e-06,0.0022162833824286373
177,0.0,0.0,0.0,6.956272869074908e-06,0.0020063034932288047
178,0.0,0.00014577259475219325,0.00016804771670694238,6.589247635145197e-06,0.0021693049106870136
179,0.0,0.00014577259475219325,0.00016804771670694238,7.940768119821367e-06,0.002274746265904365
180,0.0,0.00014577259475219325,0.00016804771670694238,8.141701568064789e-06,0.002349380406821727
181,0.0,0.0,0.0,6.5892476351632195e-06,0.0015773530150369555
182,0.0,0.0,0.0,6.099487651246214e-06,0.002424205935457587
183,0.0,0.0,0.0,7.372624337859919e-06,0.0023711181198551854
184,0.0,0.0,0.0,3.454231433498434e-06,0.002903931896610449
185,0.0,0.0,0.0,3.418060474107955e-06,0.002122660774201782
186,0.0,0.0,0.0,3.8726609231698945e-06,0.0012782672607881411
187,0.0,0.0001943634596695895,0.00022406362227592053,3.697533845334597e-06,0.0025139154686853824
188,0.0,0.0,0.0,4.650401387854881e-06,0.0015068708772100561
189,0.0,0.00014577259475219222,0.0001680477167069415,3.153267458293707e-06,0.0012008701860902074
190,0.0,0.0001943634596695895,0.00022406362227592053,3.418060474105071e-06,0.0018534288037141075
191,0.0,0.0001943634596695895,0.00022406362227592053,3.742084052971146e-06,0.0026117003919593827
192,0.0,0.00014577259475218992,0.00016804771670694046,4.542237719653083e-06,0.0020724258101968715
193,0.0,0.00014577259475218992,0.00016804771670694046,4.67705147072177e-06,0.0018659508523773869
194,0.0,0.0001943634596695895,0.00022406362227592438,4.26954432187818e-06,0.0017880251192851572
195,0.0,0.00014577259475218992,0.00016804771670694046,6.233853721279101e-06,0.0015051742492010827
196,0.0,0.0002915451895043725,0.00033553806121915634,5.962094178830184e-06,0.0017051149460793943
197,0.0,0.0003223153343396947,0.00037111948599435765,4.985753619949766e-06,0.0018398471927208975
198,0.0,0.00014577259475219222,0.00016804771670694203,5.764244212578659e-06,0.0029067062354024543
199,0.0,0.0,0.0,6.817915533874128e-06,0.001278991866947364
200,0.0,0.0,0.0,6.46227527941107e-06,0.001967235570268417
201,0.0,0.0,0.0,5.529468253404803e-06,0.0017788738127431578
202,0.0,0.0,0.0,5.491877958654309e-06,0.0018406979380963993
203,0.0,0.00014577259475219174,0.00016804771670693796,6.207213198868884e-06,0.001232134640038365
204,0.0,0.00014577259475219174,0.00016804771670693796,3.41806047411428e-06,0.0016901362636242807
205,0.0,0.00019436345966958738,0.00022406362227592454,4.308183519605792e-06,0.0020413400139426964
206,0.0,0.0,0.0,4.468674351258941e-06,0.0010093258962310904
207,0.0,0.0,0.0,3.356909553740722e-06,0.0021067459104085386
208,0.0,0.0,0.0,3.7420840529706556e-06,0.0016877461028855418
209,0.0,0.00014577259475219174,0.00016804771670693693,4.650401387854016e-06,0.003023471814401127
210,0.0,0.00014577259475219174,0.00016804771670693693,5.0188819154234725e-06,0.0031225055507977315
211,0.0,0.00014577259475219174,0.00016804771670693693,4.542237719652501e-06,0.003390835331884889
212,0.0,0.0,0.0,7.333183191041599e-06,0.001397513763194429
213,0.0,0.0,0.0,4.952403723112137e-06,0.0013840404352555417
214,0.0,0.0,0.0,5.6186589798396126e-06,0.0015506430435923558
215,0.0,0.0,0.0,6.010539153082351e-06,0.0016319393350083856
216,0.0,0.00014577259475219174,0.00016804771670693693,6.564049655153949e-06,0.0035552526352506876
217,0.0,0.0,0.0,6.065431060951455e-06,0.0012418477663062445
218,0.0,0.0,0.0,6.044905008639999e-06,0.0012610361533330592
219,0.0,0.00014577259475219222,0.00016804771670694203,5.491877958649492e-06,0.0018218247995566998
220,0.0,0.00014577259475219222,0.00016804771670694203,6.306534916586147e-06,0.0014932000910120042
221,0.0,0.00014577259475219222,0.00016804771670694203,6.8361209482088765e-06,0.0019428212371090257
222,0.0,0.0,0.0,7.333183191058511e-06,0.0015996800505222394
223,0.0,0.00014577259475219222,0.00016804771670694203,6.713819107480801e-06,0.0016992800912733954
224,0.0,0.00014577259475219222,0.0001680477167069415,7.050920387982146e-06,0.0017810494857669174
225,0.0,0.00014577259475219222,0.00016804771670694203,5.962094178821239e-06,0.0014404969216480778
226,0.0,0.00014577259475219222,0.0001680477167069415,8.085533624179356e-06,0.0020323049919831557
227,0.0,0.00019436345966958738,0.00022406362227592378,4.230552232788459e-06,0.0029237045193109797
228,0.0,0.00019436345966958738,0.00022406362227592378,3.87266092316752e-06,0.0029205021651990183
229,0.0,0.00019436345966958738,0.00022406362227592378,3.957319252986185e-06,0.002939013071311803
230,0.0,0.00014577259475219174,0.00016804771670693693,3.872660923165602e-06,0.0028009346778715923
231,0.0,0.00014577259475219174,0.00016804771670693693,3.872660923165602e-06,0.0018534362368813576
232,0.0,0.00014577259475219174,0.00016804771670693693,3.872660923165602e-06,0.0018711932785633728
233,0.0,0.00014577259475219174,0.00016804771670693693,3.957319252988189e-06,0.003215184996078976
234,0.0,0.0,0.0,4.994056296167354e-06,0.001257454185889496
235,0.0,0.0,0.0,5.346625106805608e-06,0.0016468843711819555
236,0.0,0.0,0.0,4.269544321876622e-06,0.0015061658326926575
237,0.0,0.0,0.0,4.542237719654562e-06,0.0017442736092937847
238,0.0,0.0,0.0,5.181347150263889e-06,0.0009106532347673299
239,0.0,0.0,0.0,5.792922221502868e-06,0.0009242202543438504
240,0.0,0.00014577259475219174,0.00016804771670693693,4.8595115187496516e-06,0.003307809992742089
241,0.0,0.00014577259475219174,0.00016804771670693693,5.757052389180622e-06,0.0033866541137355485
242,0.0,0.0,0.0,5.792922221505118e-06,0.0008293436428294597
243,0.0,0.00014577259475219174,0.00016804771670693693,4.650401387855629e-06,0.0016179392336051102
244,0.0,0.00014577259475219174,0.00016804771670693693,6.173750889342016e-06,0.0014672815754955156
245,0.0,0.00014577259475219174,0.00016804771670693693,6.365384106930827e-06,0.001786613273544076
246,0.0,0.00014577259475219174,0.00016804771670693693,5.116980090566626e-06,0.0027477436090401508
247,0.0,0.0,0.0,5.116980090566626e-06,0.0011018410349193613
248,0.0,0.0,0.0,5.116980090566626e-06,0.0012309126393105062
249,0.0,0.0,0.0,5.640736310387263e-06,0.0014768504491331532
250,0.0,0.0,0.0,5.276425670649873e-06,0.0016066461912360409
251,0.0,0.00019436345966958738,0.00022406362227592378,6.044905008637003e-06,0.0029354675820320213
252,0.0,0.00014577259475219222,0.00016804771670694203,6.595532088310229e-06,0.001082596653438257
253,0.0,0.00014577259475219222,0.00016804771670694203,6.595532088310229e-06,0.0015121944577118416
254,0.0,0.00014577259475219222,0.00016804771670694203,5.529468253402132e-06,0.0016562117498607751
255,0.0,0.0,0.0,4.269544321878349e-06,0.0003444574282557135
256,0.0,0.0,0.0,5.3077400444929215e-06,0.0007809434136943521
257,0.0,0.00014577259475219174,0.00016804771670693693,3.904622903351431e-06,0.0014273418409541153
258,0.0,0.00014577259475219174,0.00016804771670693693,4.468674351254268e-06,0.00148829552168437
259,0.0,0.00014577259475219222,0.00016804771670694203,4.3560005614379416e-06,0.001795346500362695
260,0.0,0.00019436345966958738,0.00022406362227592378,4.459393605303726e-06,0.00271345785246656
261,0.0,0.00014577259475219174,0.00016804771670693693,4.859511518749326e-06,0.0026441721125183156
262,0.0,0.00014577259475219174,0.00016804771670693693,4.4964016556741565e-06,0.0030210294768541097
263,0.0,0.00014577259475219174,0.00016804771670693693,4.496401655673415e-06,0.002737032139739762
264,0.0,0.0,0.0,5.181347150263631e-06,0.001354026572030991
265,0.0,0.0,0.0,5.906241948393851e-06,0.0013978028269103454
266,0.0,0.0,0.0,5.906241948387372e-06,0.0007858899429523973
267,0.0,0.0,0.0,5.9062419483859815e-06,0.0006006036138329796
268,0.0,0.0,0.0,4.081015221288633e-06,0.0004099576232340393
269,0.0,0.0,0.0,4.230552232787515e-06,0.0008598326669802114
270,0.0,0.00014577259475219222,0.00016804771670694203,5.640736310385718e-06,0.00079944038038351
271,0.0,0.00014577259475219222,0.00016804771670694203,5.618658979836672e-06,0.0013274882411747505
272,0.0,0.00014577259475219222,0.00016804771670694203,6.46227527940786e-06,0.0021246432291619362
273,0.0,0.00014577259475219222,0.00016804771670694203,5.059987285912733e-06,0.0022881158950531005
274,0.0,0.00019436345966958776,0.00022406362227592386,3.957319252990443e-06,0.001730365909471964
275,0.0,0.00014577259475219222,0.00016804771670693908,3.957319252986227e-06,0.0016112773805483087
276,0.0,0.00014577259475219222,0.0001680477167069415,3.6975338453278577e-06,0.0012954470684361625
277,0.0,0.00014577259475219222,0.0001680477167069415,3.205391112744948e-06,0.0013046180514952458
278,0.0,0.0,0.0,5.962094178824562e-06,0.0009492276889595914
279,0.0,0.0,0.0,6.313100805835232e-06,0.0009288268131151861
280,0.0,0.0,0.0,5.728194801999844e-06,0.0007337206559297186
281,0.0,0.00014577259475219222,0.00016804771670694203,5.377530711650194e-06,0.0013748238215560995
282,0.0,0.00014577259475219222,0.00016804771670694203,3.872660923166042e-06,0.00037739072588779683
283,0.0,0.00014577259475219222,0.00016804771670694203,3.5952780647071964e-06,0.0009089562621272064
284,0.0,0.0,0.0,3.957319252987531e-06,0.0013591276798084724
285,0.0,0.0,0.0,4.0810152212887176e-06,0.0011824586974312527
286,0.0,0.00014577259475219222,0.0001680477167069415,4.111357759671954e-06,0.0010419673424172963
287,0.0,0.0,0.0,4.0810152212887176e-06,0.001559218713644503
288,0.0,0.0,0.0,4.542237719650764e-06,0.0009018156157346305
289,0.0,0.0,0.0,3.641079631745761e-06,0.0015415409829223035
290,0.0,0.0,0.0,3.641079631745761e-06,0.0005916822007028458
291,0.0,0.0,0.0,3.8726609231647115e-06,0.0011068881279422918
292,0.0,0.0,0.0,3.872660923165399e-06,0.0005209804205224292
293,0.0,0.0,0.0,4.269544321877868e-06,0.0010507845650372996
294,0.0,0.0,0.0,3.957319252989393e-06,0.0013554248543620922
295,0.0,0.0,0.0,4.269544321876621e-06,0.0010713848844353768
296,0.0,0.0,0.0,6.3653841069407095e-06,0.0010634689719985662
297,0.0,0.00014577259475218905,0.00016804771670694086,4.2305522327893095e-06,0.001814853337921904
298,0.0,0.00014577259475218905,0.00016804771670694086,3.6975338453343205e-06,0.0017670310296107727
299,0.0,0.0,0.0,3.904622903358069e-06,0.0015186219873700336
300,0.0,0.0,0.0,3.904622903358069e-06,0.0017489084987784907
301,0.0,0.00014577259475219222,0.00016804771670693908,4.542237719652129e-06,0.0019683551791957157
302,0.0,0.0,0.0,4.111357759669313e-06,0.0011700169749089301
303,0.0,0.0,0.0,2.2296968026515022e-06,0.0014677935018591898
304,0.0,0.0,0.0,4.081015221291321e-06,0.0010810034440438025
305,0.0,0.0,0.0,4.111357759670609e-06,0.0007874612468148073
306,0.0,0.0,0.0,4.111357759671904e-06,0.0005830692471844733
307,0.0,0.0,0.0,3.872660923164159e-06,0.001161973744614956
308,0.0,0.0,0.0,4.26954432187908e-06,0.0011755258690487151
309,0.0,0.0,0.0,3.205391112740988e-06,0.0008980744862588294
310,0.0,0.0,0.0,3.5952780647127377e-06,0.0009590961555098469
311,0.0,0.0,0.0,4.1113577596686655e-06,0.0008229032703338464
312,0.0,0.0,0.0,4.317789291886457e-06,0.0007771656920737577
313,0.0,0.0,0.0,5.529468253402317e-06,0.0007801746964049576
314,0.0,0.0,0.0,4.317789291885532e-06,0.0009685801875362281
315,0.0,0.0,0.0,4.230552232789901e-06,0.000973510239676692
316,0.0,0.0,0.0,5.15730364627961e-06,0.0011550595859916332
317,0.0,0.0,0.0,6.443013611282783e-06,0.001022360222964415
318,0.0,0.0,0.0,4.859511518753428e-06,0.0008070927342206662
319,0.0,0.0,0.0,5.346625106801136e-06,0.0009266572570625469
320,0.0,0.0,0.0,4.994056296176495e-06,0.0015516758132790205
321,0.0,0.0,0.0,5.059987285908881e-06,0.0009453503681632845
322,0.0,0.0,0.0,6.443013611286985e-06,0.0006183023338901157
323,0.0,0.0,0.0,6.207213198863133e-06,0.0007715700153323828
324,0.0,0.0,0.0,4.542237719650809e-06,0.0010906824678760588
325,0.0,0.0,0.0,3.4542314335086694e-06,0.001183095570688126
326,0.0,0.0,0.0,5.52946825340016e-06,0.001689285852742369
327,0.0,0.0,0.0,3.87266092316624e-06,0.0013633665079602355
328,0.0,0.0,0.0,3.5952780647123388e-06,0.0006101427768015447
329,0.0,0.0,0.0,3.957319252986069e-06,0.0007677235200374902
330,0.0,0.0,0.0,3.4542314335069347e-06,0.0013699153935172132
331,0.0,0.00014577259475219222,0.0001680477167069415,3.957319252987079e-06,0.0006548062841798359
332,0.0,0.0,0.0,5.792922221506958e-06,0.001386548855086766
333,0.0,0.0,0.0,4.98575361995026e-06,0.0014122734101363812
334,0.0,0.0,0.0,4.650401387855448e-06,0.0011984431267960452
335,0.0,0.0,0.0,4.230552232788641e-06,0.001027980010395413
336,0.0,0.0,0.0,3.957319252987079e-06,0.0014341787374399111
337,0.0,0.0,0.0,3.957319252987079e-06,0.0011700401033956681
338,0.0,0.0,0.0,6.065431060942049e-06,0.001203263646782131
339,0.0,0.0,0.0,4.459393605309295e-06,0.001467733598622865
340,0.0,0.0,0.0,4.650401387855277e-06,0.0005794633840399739
341,0.0,0.0,0.0,4.985753619947723e-06,0.0010728623824680901
342,0.0,0.0,0.0,5.157303646279541e-06,0.0007299754064094732
343,0.0,0.00014577259475219222,0.0001680477167069415,6.306534916586042e-06,0.0009637196042461165
344,0.0,0.00014577259475219222,0.0001680477167069415,6.44301361128502e-06,0.0008641218041938556
345,0.0,0.00014577259475219222,0.0001680477167069415,6.46227527940786e-06,0.0006361689129925117
346,0.0,0.0,0.0,6.713819107484431e-06,0.0007348301079254309
347,0.0,0.00014577259475219222,0.0001680477167069415,5.962094178821633e-06,0.0004618976435505651
348,0.0,0.00014577259475219222,0.0001680477167069415,5.3775307116584325e-06,0.0011971330715560855
349,0.0,0.00014577259475219222,0.0001680477167069415,5.640736310385719e-06,0.000592944244887971
350,0.0,0.00014577259475219222,0.0001680477167069415,3.861948147670692e-06,0.0005564348189458375
351,0.0,0.00014577259475219222,0.0001680477167069415,4.11135775967325e-06,0.0010720508414115266
352,0.0,0.00014577259475219222,0.0001680477167069415,4.893494530808487e-06,0.0006021269528995064
353,0.0,0.0,0.0,3.6410796317464407e-06,0.0010098271641049298
354,0.0,0.0,0.0,3.95731925298801e-06,0.0008876433499685227
355,0.0,0.0,0.0,3.904622903351887e-06,0.0017296904627878667
356,0.0,0.0,0.0,5.018881915424044e-06,0.0011729309618441017
357,0.0,0.0,0.0,3.957319252987483e-06,0.0007426617729550492
358,0.0,0.0,0.0,4.317789291884606e-06,0.0013726824347143117
359,0.0,0.0,0.0,3.957319252989266e-06,0.0005893725163994949
360,0.0,0.0,0.0,4.230552232787697e-06,0.0008743120785971327
361,0.0,0.0,0.0,3.957319252987031e-06,0.0007405591004956509
362,0.0,0.0,0.0,5.529468253398993e-06,0.0004948364856352369
363,0.0,0.0,0.0,4.2305522327888716e-06,0.0004175431557760162
364,0.0,0.0,0.0,4.317789291885224e-06,0.00047031070636695244
365,0.0,0.0,0.0,4.317789291885224e-06,0.0008097992418442986
366,0.0,0.0,0.0,4.230552232788242e-06,0.0011478658365835764
367,0.0,0.0,0.0,4.230552232790844e-06,0.0007374120334175246
